flail,
shotgun,
firearm,
pommel,
spear,
submachine,
defeat,
musket,
atomic,
struggle,
back,
sickle,
flight,
resist,
epee,
spar,
oppose,
duel,
club,
hunt,
wrestle,
handgun,
cudgel,
brass,
ordnance,
tussle,
fistfight,
throwing,
tank,
brawler,
armament,
dogfight,
tomahawk,
martial,
kill,
pickaxe,
spiked,
javelin,
prevent,
war,
action,
cleaver,
onager,
grenade,
machine,
argument,
gatling,
scimitar,
scuffle,
semiautomatic,
shell,
grudge,
abomb,
ballistic,
ballista,
contention,
nuclear,
altercation,
agitate,
death,
confront,
heavyweight,
dispute,
blackjack,
flintlock,
blood,
hit,
cutlas,
nerve,
peashooter,
violence,
hand,
shooting,
bullet,
fighting,
knife,
knuckle,
atom,
weapon,
nunchaku,
armageddon,
shooter,
blow,
beat,
warfare,
break,
boobytrap,
shoot,
fight,
torpedo,
truncheon,
contend,
stick,
battling,
switchblade,
feud,
cannon,
mace,
saber,
attack,
knockout,
lance,
flamethrower,
dart,
battle,
machete,
hunting,
mortar,
championship,
launcher,
blowpipe,
rifle,
combat,
tripwire,
sword,
brawl,
bludgeon,
billy,
howitzer,
combatant,
military,
gunpowder,
tear,
catapult,
gun,
munition,
push,
nunchucks,
scythe,
slingshot,
battled,
ammunition,
weaponry,
muzzleloader,
skirmish,
flee,
sparring,
boxing,
die,
melee,
controversy,
disagreement,
battleground,
bow,
bat,
maul,
pike,
kris,
blaster,
biological,
destruction,
squabble,
halberd,
match,
mine,
crusade,
crossbow,
baton,
hatchet,
carbine,
fighter,
rapier,
stiletto,
longbow,
bazooka,
stun,
slugfest,
competitiveness,
trebuchet,
shillelagh,
punch,
spray,
trident,
taser,
quarterstaff,
assault,
boomerang,
conflict,
rocket,
argue,
arrow,
naval,
harpoon,
dagger,
pistol,
bout,
run,
bowie,
bullwhip,
depth,
chase,
ammo,
night,
automatic,
ultimate,
axe,
katana,
gas,
gang,
landmine,
charge,
bayonet,
blade,
revolver,
uzi,
clash,
whip,
blowgun,
defend,
autocannon,
fought,
hurt,
gunfight,
mustard,
pepper,
protest,
bomb,
missile,
explosive,
escape,
guided,
confrontation,
knout,
fisticuffs,
assail,
longsword,
toothbrush, 
scissors, 
